Student_ID,Study_Hours,Attendance,Previous_Marks,Assignment_Score,Result
S001,7.9,84.0,82.0,65.0,Pass
S002,4.7,69.0,69.0,82.0,Pass
S003,8.7,75.0,79.0,77.0,Pass
S004,7.1,73.0,,45.0,Pass
S005,1.4,80.0,59.0,74.0,Fail
S006,9.8,95.0,75.0,66.0,Pass
S007,7.7,76.0,82.0,92.0,Pass
S008,8.0,84.0,63.0,64.0,Pass
S009,1.7,46.0,70.0,57.0,Fail
S010,4.8,74.0,62.0,78.0,Pass
S011,4.0,63.0,63.0,80.0,Fail
S012,9.3,58.0,84.0,81.0,Pass
S013,6.6,63.0,36.0,46.0,Fail
S014,8.3,70.0,49.0,81.0,Pass
S015,4.7,88.0,42.0,54.0,Fail
S016,2.7,56.0,26.0,71.0,Fail
S017,5.8,75.0,56.0,49.0,Pass
S018,1.1,68.0,73.0,73.0,Fail
S019,8.4,70.0,66.0,61.0,Pass
S020,6.5,89.0,71.0,52.0,Pass
S021,7.7,83.0,87.0,83.0,Pass
S022,3.9,94.0,86.0,73.0,Pass
S023,9.7,73.0,71.0,65.0,Pass
S024,9.0,65.0,92.0,96.0,Pass
S025,7.9,72.0,71.0,66.0,Pass
S026,2.3,,49.0,,Pass
S027,4.9,77.0,56.0,74.0,Fail
S028,0.9,60.0,37.0,57.0,Fail
S029,2.0,76.0,48.0,74.0,Fail
S030,,78.0,63.0,64.0,Pass
S031,7.6,100.0,82.0,66.0,Pass
S032,9.7,100.0,99.0,95.0,Pass
S033,3.6,63.0,42.0,53.0,Fail
S034,4.0,71.0,71.0,33.0,Fail
S035,5.0,55.0,49.0,,Pass
S036,2.3,67.0,70.0,100.0,Pass
S037,1.7,79.0,60.0,61.0,Fail
S038,5.0,92.0,37.0,41.0,Fail
S039,2.7,65.0,78.0,63.0,Fail
S040,6.9,66.0,59.0,68.0,Pass
S041,4.7,45.0,57.0,67.0,Fail
S042,8.4,73.0,53.0,57.0,Pass
S043,7.2,60.0,58.0,81.0,Pass
S044,3.5,68.0,71.0,76.0,Fail
S045,8.4,63.0,67.0,51.0,Pass
S046,8.1,74.0,75.0,84.0,Pass
S047,4.2,50.0,71.0,100.0,Pass
S048,3.2,54.0,85.0,71.0,Pass
S049,7.0,100.0,63.0,,Pass
S050,1.8,57.0,39.0,65.0,Fail
S051,2.4,60.0,80.0,77.0,Pass
S052,0.6,,55.0,40.0,Fail
S053,8.0,100.0,87.0,75.0,Pass
S054,6.8,59.0,74.0,66.0,Pass
S055,7.2,70.0,67.0,100.0,Pass
S056,7.9,80.0,75.0,70.0,Pass
S057,4.9,99.0,97.0,95.0,Pass
S058,5.9,61.0,100.0,54.0,Pass
S059,1.8,72.0,63.0,76.0,Fail
S060,1.6,86.0,,71.0,Fail
S061,6.8,81.0,85.0,59.0,Pass
S062,5.0,70.0,52.0,73.0,Pass
S063,5.9,73.0,72.0,89.0,Pass
S064,7.8,56.0,69.0,68.0,Pass
S065,6.5,72.0,,46.0,Pass
S066,5.8,71.0,54.0,71.0,Fail
S067,5.8,,42.0,57.0,Fail
S068,3.4,67.0,31.0,63.0,Fail
S069,0.8,82.0,43.0,65.0,Fail
S070,4.6,89.0,58.0,44.0,Pass
S071,2.5,77.0,58.0,43.0,Fail
S072,4.4,80.0,96.0,77.0,Pass
S073,8.6,76.0,88.0,66.0,Pass
S074,2.7,75.0,48.0,29.0,Fail
S075,1.1,65.0,67.0,78.0,Fail
S076,3.2,79.0,57.0,72.0,Fail
S077,3.3,74.0,59.0,58.0,Fail
S078,6.8,100.0,71.0,52.0,Pass
S079,5.8,97.0,77.0,83.0,Pass
S080,7.9,,64.0,78.0,Pass
S081,6.8,64.0,85.0,100.0,Pass
S082,4.4,59.0,47.0,76.0,Fail
S083,8.2,92.0,70.0,79.0,Pass
S084,2.1,79.0,100.0,65.0,Pass
S085,0.7,82.0,64.0,78.0,Fail
S086,1.4,51.0,85.0,76.0,Pass
S087,7.4,,70.0,91.0,Pass
S088,4.9,81.0,75.0,62.0,Fail
S089,2.0,59.0,61.0,60.0,Fail
S090,5.3,68.0,64.0,63.0,Pass
S091,1.9,79.0,50.0,79.0,Pass
S092,7.1,,75.0,95.0,Pass
S093,4.7,71.0,52.0,63.0,Fail
S094,4.1,74.0,76.0,63.0,Fail
S095,3.4,71.0,81.0,73.0,Fail
S096,6.5,77.0,74.0,68.0,Pass
S097,3.9,96.0,60.0,83.0,Pass
S098,1.3,39.0,69.0,33.0,Fail
S099,1.6,72.0,57.0,54.0,Fail
S100,9.6,77.0,86.0,63.0,Pass
S101,,79.0,42.0,39.0,Pass
S102,7.1,70.0,63.0,58.0,Pass
S103,3.0,50.0,32.0,54.0,Fail
S104,9.7,80.0,48.0,72.0,Pass
S105,7.9,99.0,91.0,90.0,Pass
S106,7.3,54.0,83.0,69.0,Pass
S107,4.8,87.0,54.0,54.0,Fail
S108,3.1,70.0,40.0,67.0,Fail
S109,1.4,74.0,20.0,82.0,Fail
S110,9.1,60.0,62.0,59.0,Pass
S111,4.8,70.0,100.0,56.0,Pass
S112,2.4,93.0,70.0,76.0,Fail
S113,3.4,83.0,55.0,65.0,Fail
S114,6.0,99.0,75.0,81.0,Pass
S115,2.2,91.0,38.0,67.0,Fail
S116,8.6,81.0,66.0,84.0,Pass
S117,,99.0,71.0,57.0,Pass
S118,7.3,81.0,67.0,72.0,Pass
S119,4.6,87.0,78.0,66.0,Pass
S120,6.5,71.0,73.0,53.0,Pass
S121,6.0,76.0,78.0,48.0,Pass
S122,6.7,65.0,57.0,82.0,Pass
S123,1.3,89.0,76.0,61.0,Pass
S124,4.5,59.0,91.0,54.0,Fail
S125,0.9,86.0,46.0,64.0,Fail
S126,5.2,72.0,52.0,87.0,Fail
S127,3.6,91.0,86.0,34.0,Pass
S128,1.9,86.0,59.0,44.0,Fail
S129,1.5,100.0,84.0,53.0,Pass
S130,6.1,85.0,60.0,93.0,Pass
S131,2.1,53.0,86.0,71.0,Fail
S132,9.3,74.0,73.0,86.0,Pass
S133,6.0,59.0,71.0,,Pass
S134,3.8,68.0,90.0,52.0,Pass
S135,6.1,96.0,62.0,78.0,Pass
S136,0.7,,46.0,67.0,Fail
S137,9.6,65.0,64.0,83.0,Pass
S138,5.1,61.0,73.0,67.0,Pass
S139,7.9,75.0,44.0,77.0,Pass
S140,1.3,58.0,72.0,69.0,Fail
S141,5.1,66.0,57.0,82.0,Fail
S142,,79.0,85.0,82.0,Pass
S143,9.4,91.0,33.0,50.0,Pass
S144,5.9,84.0,54.0,37.0,Pass
S145,,43.0,39.0,85.0,Fail
S146,3.0,79.0,50.0,86.0,Pass
S147,3.6,76.0,68.0,,Pass
S148,5.4,81.0,64.0,43.0,Pass
S149,4.7,98.0,62.0,71.0,Pass
S150,0.7,46.0,58.0,80.0,Fail
S151,8.3,67.0,73.0,100.0,Pass
S152,9.0,83.0,55.0,82.0,Fail
S153,1.8,53.0,73.0,61.0,Fail
S154,5.8,96.0,78.0,57.0,Fail
S155,1.5,80.0,68.0,67.0,Fail
S156,6.9,87.0,77.0,67.0,Pass
S157,3.2,67.0,69.0,53.0,Fail
S158,6.8,86.0,100.0,100.0,Pass
S159,7.4,90.0,67.0,99.0,Pass
S160,7.8,78.0,64.0,90.0,Pass
S161,1.5,78.0,50.0,53.0,Fail
S162,9.2,79.0,,87.0,Pass
S163,2.7,63.0,43.0,77.0,Fail
S164,0.9,73.0,47.0,73.0,Fail
S165,5.8,73.0,66.0,90.0,Pass
S166,4.0,,70.0,79.0,Pass
S167,8.4,89.0,71.0,,Pass
S168,8.2,60.0,58.0,83.0,Pass
S169,3.5,73.0,79.0,74.0,Pass
S170,9.6,96.0,83.0,48.0,Pass
S171,3.3,65.0,61.0,70.0,Fail
S172,5.4,63.0,56.0,62.0,Fail
S173,2.9,78.0,72.0,49.0,Pass
S174,9.4,87.0,74.0,100.0,Pass
S175,2.1,75.0,39.0,93.0,Fail
S176,0.9,94.0,,86.0,Fail
S177,4.6,87.0,70.0,73.0,Pass
S178,9.9,87.0,57.0,95.0,Pass
S179,9.0,83.0,74.0,74.0,Pass
S180,7.6,100.0,46.0,,Pass
S181,9.0,72.0,92.0,58.0,Pass
S182,,47.0,91.0,80.0,Pass
S183,5.4,97.0,62.0,71.0,Pass
S184,3.5,69.0,70.0,49.0,Fail
S185,7.8,77.0,31.0,72.0,Pass
S186,6.8,93.0,50.0,71.0,Pass
S187,4.0,53.0,60.0,96.0,Pass
S188,1.4,57.0,45.0,80.0,Fail
S189,7.6,53.0,81.0,73.0,Pass
S190,3.0,64.0,96.0,72.0,Pass
S191,9.4,81.0,52.0,75.0,Pass
S192,2.8,82.0,50.0,65.0,Fail
S193,1.7,79.0,66.0,50.0,Fail
S194,8.4,55.0,96.0,71.0,Pass
S195,2.0,43.0,43.0,56.0,Fail
S196,2.2,76.0,67.0,48.0,Pass
S197,6.2,68.0,97.0,79.0,Pass
S198,8.8,81.0,44.0,80.0,Pass
S199,2.4,85.0,42.0,41.0,Fail
S200,3.4,77.0,57.0,67.0,Fail
